from_node_id,to_node_id,time_cost,length_cost
8837631681,8837631696,1.6473468211166988,22.733386131410445
8837631680,8837631674,10.703859415247303,147.7132599304128
8837631680,2826898626,2.540354817709366,35.056896484389256
8837631680,6763953687,8.870374947175723,122.41117427102498
8837631682,8837631689,7.098453393478876,97.9586568300085
8837631682,8837631696,1.5797526138997566,21.800586071816642
6479420989,6479420990,2.6911591428497297,37.13799617132627
8837631689,8837631682,7.098453393478876,97.9586568300085
9647799047,9647799046,2.94790264771148,40.681056538418424
9647799047,3425614080,1.6257416416387604,22.435234654614895
9647799047,3425614082,5.951769879060594,82.1344243310362
9647799046,9647799047,2.94790264771148,40.681056538418424
6479420991,4007365124,3.017834410182245,41.646114860514984
6479420991,6479421003,4.035460277414664,55.689351828322366
6479420991,6479420990,1.733365990567218,23.92045066982761
6479420990,6479420989,2.6911591428497297,37.13799617132627
6479420990,11411745258,5.5248752149734255,76.24327796663327
6479420990,6479420991,1.733365990567218,23.92045066982761
1440186843,4007365102,9.589243907740308,132.33156592681624
4239348899,4239348897,4.0247016968655736,55.54088341674492
4239348898,4294693049,4.487275389969931,61.92440038158506
4239348898,5713101572,5.803544074601737,80.08890822950397
4239348898,5713101579,1.232665719022686,17.010786922513066
4239348897,4239348896,3.21683402755441,44.39230958025086
4239348897,4239348899,4.0247016968655736,55.54088341674492
4239348897,6763897379,3.3041680031984964,45.597518444139254
8837631695,8837631696,3.927639191637297,54.2014208445947
4239348896,4239348897,3.21683402755441,44.39230958025086
4239348896,4294693049,1.3614481138371683,18.787983970952926
8837631697,8837631696,2.723639121585272,37.58621987787676
8837631697,6009476971,6.438616835033055,88.85291232345617
8837631697,3425614021,5.961454537963702,82.26807262389909
8837631696,8837631681,1.6473468211166988,22.733386131410445
8837631696,8837631697,2.723639121585272,37.58621987787676
8837631696,8837631695,3.927639191637297,54.2014208445947
8837631696,8837631682,1.5797526138997566,21.800586071816642
2826898539,4451500978,3.9286637845003374,54.21556022610466
2826898539,11411442375,3.1945718788481705,44.08509192810475
2826898539,2826898573,5.4732342579802475,75.53063276012742
2826898538,4451500982,3.7055189936239836,51.13616211201098
2826898538,6285388489,6.132258306841553,84.62516463441344
2826898538,2826898572,5.395774622837963,74.46168979516389
1986177662,5809824221,9.054817854540657,124.95648639266108
1986177662,5751454660,5.641703420318333,77.85550720039299
1986177662,6544430854,6.269398054101078,86.51769314659488
1986177662,2826898383,10.055895560975026,138.77135874145537
7111063545,7111063532,1.6716604719260155,23.068914512579017
7111063545,1986177693,6.420508841772245,88.60302201645698
7111063545,7111063544,1.707036459369333,23.557103139296796
7111063544,7111063533,1.4916640472640847,20.58496385224437
7111063544,7111063545,1.707036459369333,23.557103139296796
7111063544,7111063543,1.5935167699175494,21.990531424862183
7223670458,7223670462,2.738013333715885,37.784584005279214
7223670458,7223670463,3.157958711079921,43.57983021290291
7223670458,3043832861,7.4684504977415545,103.06461686883345
7111063543,7111063544,1.5935167699175494,21.990531424862183
7223670463,7223670467,2.1522564360234178,29.701138817123166
7223670463,7223670468,4.505612520826165,62.17745278740107
7223670463,7223670458,3.157958711079921,43.57983021290291
1440186872,2826898573,10.021481929496888,138.29645062705706
1440186872,6594879926,8.549181906104575,117.97871030424315
1440186872,6300118428,4.956832658218262,68.40429068341201
1440186872,6285181302,6.172290072265457,85.1776029972633
7223670462,7223670458,2.738013333715885,37.784584005279214
10580993694,3043832862,0.7640954417991103,10.544517096827722
10580993694,7223670468,2.157343480658138,29.771340033082307
10580993694,10580993681,6.147171999137046,84.83097358809124
4239348892,2826898433,0.4351779180299856,6.005455268813802
4239348892,2826898429,1.3603836403050593,18.773294236209818
4239348892,5889956860,0.26717915505689044,3.687072339785088
7111063534,3425614017,2.575663405813597,35.54415500022764
7111063534,6009476971,2.5587487007608583,35.310732070499846
7111063534,7111063533,6.719545744228996,92.72973127036015
7111063533,7111063532,2.2891324388438616,31.590027656045294
7111063533,7111063544,1.4916640472640847,20.58496385224437
7111063533,7111063534,6.719545744228996,92.72973127036015
7111063532,7111063533,2.2891324388438616,31.590027656045294
7111063532,1986177691,4.1799731921404675,57.68363005153845
7111063532,7111063545,1.6716604719260155,23.068914512579017
10580993682,10580993681,6.774096352913704,93.48252967020912
10580993681,10580993680,1.4515243553900259,20.03103610438236
10580993681,10580993694,6.147171999137046,84.83097358809124
10580993681,10580993682,6.774096352913704,93.48252967020912
10580993680,10580993681,1.4515243553900259,20.03103610438236
4177855813,1159580383,22.051299795771794,304.30793718165074
4177855813,6761585851,5.37658167979806,74.19682718121324
4177855813,3971492275,5.636611450352845,77.78523801486926
6285386464,6285386465,8.78246399283395,121.19800310110851
6285386465,6285386464,8.78246399283395,121.19800310110851
6285386465,2826898572,5.787755101376141,79.87102039899075
6285386465,4457235594,9.213943043299093,127.15241399752749
11046891059,6542041041,20.646947779074413,284.9278793512269
1159581015,5938319993,4.566406414555054,63.01640852085975
1159581015,1159580839,3.4311737357790686,47.35019755375115
1159581015,4212969842,2.9385502337674008,40.55199322599013
4177855822,4212969842,5.224172268557606,72.09357730609496
4177855822,6542041042,3.5487679693608296,48.97299797717945
4177855822,11411758979,3.2704133091508667,45.131703666281965
4177855829,4177855831,108.03153232000824,1490.8351460161139
4177855829,6544448922,7.971982864597188,110.0133635314412
4177855829,3425614081,25.002944120627323,345.0406288646571
4177855831,4418071804,13.732220297200838,189.50464010137156
4177855831,4268432910,1.3363107326574342,18.44108811067259
4177855831,4177855829,108.03153232000824,1490.8351460161139
7223670467,7223670463,2.1522564360234178,29.701138817123166
6763903866,6763903859,3.8146640820709963,52.64236433257975
6763903866,3425614089,2.417312924549498,33.35891835878308
6763903866,3972723697,18.193704854453113,251.07312699145297
7223670468,7223670476,6.442662210830927,88.9087385094668
7223670468,10580993694,2.157343480658138,29.771340033082307
7223670468,7223670463,4.505612520826165,62.17745278740107
6012492296,4847169821,15.440185473423469,213.07455953324387
6012492296,4847169830,1.0260848044632696,14.15997030159312
6012830269,1159581277,64.09874411553461,884.5626687943777
6763903857,3425614089,3.5715896977997192,49.28793782963613
6763903857,3425614693,1.4680626550873572,20.25926464020553
6763903857,6763903859,2.1299428941383165,29.39321193910877
6763903859,6763903866,3.8146640820709963,52.64236433257975
6763903859,6763903857,2.1299428941383165,29.39321193910877
6763903859,6763903863,5.586906193932847,77.09930547627329
4177855832,6544448922,4.90376528156269,67.67196088556513
4177855832,6544469024,1.9033465472725886,26.266182352361724
4177855832,3425614092,4.87964282049581,67.33907092284218
6593229984,6593312785,3.805977120969671,52.522484269381465
7223670476,7223670468,6.442662210830927,88.9087385094668
6763903863,6763903859,5.586906193932847,77.09930547627329
2826898463,6720652948,3.7288836326816606,51.45859413100692
2826898463,6245823862,7.310796077776787,100.88898587331965
2826898463,6720652956,1.6431742484082756,22.675804628034204
2826898462,4451500968,4.871150525896755,67.22187725737521
2826898462,5892440805,2.8657954597494935,39.547977344543014
2826898462,11411440167,3.133269142025785,43.23911415995584
4268432910,4268432924,41.168554960277774,568.1260584518333
4268432910,4847169830,21.37656353261572,294.99657675009695
4268432910,4177855831,1.3363107326574342,18.44108811067259
6479421008,6009506302,9.223966600359022,127.29073908495451
6479421008,2826898626,1.5882422811956367,21.917743480499787
6479421008,3971492402,0.5272650818022593,7.276258128871178
6285388485,6285388489,2.903766428084126,40.07197670756094
6285388485,6720652935,11.446600425769756,157.96308587562262
6285388485,8837631671,4.338821681511033,59.87573920485225
6285388489,6285388485,2.903766428084126,40.07197670756094
6285388489,6720652956,1.3753613124377841,18.979986111641423
6285388489,2826898538,6.132258306841553,84.62516463441344
6479420997,6479420998,2.912730829127737,40.19568544196277
6479420997,6479420995,0.15839911946363197,2.1859078485981214
6479420997,6479420994,0.8057492819093441,11.119340090348949
6479420996,6479420995,2.896878412123432,39.976922087303365
6479420999,6479421000,2.3255127622918983,32.092076119628196
6479420999,6479420994,0.633501516296288,8.742320924888775
6479420998,6479420997,2.912730829127737,40.19568544196277
6479420993,6479421003,4.675343013686704,64.51973358887652
6479420993,6479421004,2.200083186021794,30.361147967100763
6479420993,6479421001,1.6629187736706106,22.948279076654426
6479420995,6479420996,2.896878412123432,39.976922087303365
6479420995,6479420997,0.15839911946363197,2.1859078485981214
8837631671,6285388485,4.338821681511033,59.87573920485225
8837631671,10718542803,2.890094857577469,39.88330903456907
4268432924,4268432910,41.168554960277774,568.1260584518333
4268432924,4504572475,18.27703295510871,252.2230547805002
6479420994,6479421001,0.4809844128327972,6.6375848970926015
6479420994,6479420997,0.8057492819093441,11.119340090348949
6479420994,6479420999,0.633501516296288,8.742320924888775
6479421004,6479421006,7.0111667909118545,96.7541017145836
6479421004,6479420993,2.200083186021794,30.361147967100763
6479421004,6009506297,5.229782347340412,72.17099639329768
6479421007,6479421006,2.9275096399058937,40.39963303070134
6479421006,6479421004,7.0111667909118545,96.7541017145836
6479421006,6009506297,1.3572549645886316,18.730118511323116
6479421006,6479421007,2.9275096399058937,40.39963303070134
8837631674,8837631680,10.703859415247303,147.7132599304128
8837631674,6763953695,6.084045889764388,83.95983327874856
8837631674,2826898656,3.583632008530881,49.45412171772616
6479421001,6479421003,6.293274767273983,86.84719178838097
6479421001,6479420994,0.4809844128327972,6.6375848970926015
6479421001,6479420993,1.6629187736706106,22.948279076654426
6479421000,6479420999,2.3255127622918983,32.092076119628196
2826898433,3043832883,1.7976931348623157E308,1.7976931348623157E308
2826898433,2826898430,0.7735345887718239,10.67477732505117
2826898433,4239348892,0.4351779180299856,6.005455268813802
6479421003,6479421001,6.293274767273983,86.84719178838097
6479421003,6479420991,4.035460277414664,55.689351828322366
6479421003,6479420993,4.675343013686704,64.51973358887652
6009981625,6009981618,7.252568329890616,100.08544295249051
6009981625,6009981643,1.411358388372813,19.47674575954482
7084797642,7084797645,2.6819065452915334,37.01031032502316
7084797642,6747640052,4.859051372943777,67.05490894662412
7084797642,4792184068,5.992864174558598,82.70152560890865
6009981628,6009981629,1.0132310272438347,13.98258817596492
6009981628,6009981632,2.4062913786054363,33.20682102475502
6009981628,6009981630,3.3089212932243504,45.66311384649604
6009981629,6009981628,1.0132310272438347,13.98258817596492
6009981629,6009981643,3.3372260920823966,46.05372007073708
6009981629,6009981632,1.5180526303929816,20.949126299423146
7084797645,7084797642,2.6819065452915334,37.01031032502316
6009981630,6009981628,3.3089212932243504,45.66311384649604
6009981630,6009981643,1.154482365650704,15.931856645979716
6009981630,6009981635,1.3843910077470865,19.104595906909793
6720686109,6720686105,2.9159909411242237,40.24067498751429
6009981618,6009981625,7.252568329890616,100.08544295249051
6009981618,8874462489,12.392802820994655,171.02067892972624
6720686105,6720686109,2.9159909411242237,40.24067498751429
6720686105,5809806800,1.4755964353173683,20.363230807379683
6720686105,5809806796,1.430429935888941,19.739933115267387
7084797659,7084797662,3.794425632554071,52.36307372924618
7084797659,1159580577,1.0227248311953463,14.11360267049578
7084797662,7084797659,3.794425632554071,52.36307372924618
7084797662,5938370271,1.2654700788731026,17.463487088448815
2826898657,3425614073,10.974648170583,151.45014475404543
2826898657,6544445366,8.704136078113615,120.1170778779679
2826898657,6763953695,9.84673285978539,135.8849134650384
2826898656,8837631674,3.583632008530881,49.45412171772616
2826898656,4007365121,4.625802212952506,63.83607053874458
2826898656,6009506302,4.823970063971393,66.57078688280522
9143740832,3595142841,2.4955281090435415,34.43828790480087
6594879924,6594879925,1.876032294658069,25.889245666281354
6594879925,6594879924,1.876032294658069,25.889245666281354
6594879925,6594879927,0.887365584414725,12.245645064923206
6594879925,6594879926,1.5157811646279202,20.9177800718653
6594879926,6300118432,1.6368195734163715,22.588110113145927
6594879926,1440186872,8.549181906104575,117.97871030424315
6594879926,6594879925,1.5157811646279202,20.9177800718653
6594879927,6594879925,0.887365584414725,12.245645064923206
4792184068,4792184073,2.276946693474502,31.42186436994813
4792184068,7084797642,5.992864174558598,82.70152560890865
4792184068,6747649064,1.3409638245804958,18.50530077921084
6009981585,6009981778,17.83737624754282,246.15579221609093
4792184073,4792184068,2.276946693474502,31.42186436994813
6744822448,6744822451,3.492593403262868,48.19778896502758
6744822451,6744822448,3.492593403262868,48.19778896502758
6744822451,7223666796,2.428862241071938,33.518298926792745
6744822451,4007365105,1.8536389378314608,25.58021734207416
6744822460,6744822463,2.7799451967506013,38.3632437151583
6744822463,6744822460,2.7799451967506013,38.3632437151583
6744822463,7223673657,12.553441667874758,173.23749501667166
6744822463,3043832799,1.1195827040487123,15.45024131587223
6720686120,6009980375,9.768092733209425,134.79967971829007
6720686120,2826898393,14.101815371571856,194.60505212769164
6720686120,4007365109,3.810678016027385,52.58735662117792
2826898626,8837631680,2.540354817709366,35.056896484389256
2826898626,6009506302,4.727280882959196,65.2364761848369
2826898626,6479421008,1.5882422811956367,21.917743480499787
7113398081,6763974005,3.7096243872423056,51.19281654394382
2826898625,6544445365,2.0524885380589164,28.324341825213047
2826898625,1986177701,7.203302137531802,99.40556949793887
2826898625,6544445366,2.0880353817135666,28.81488826764722
3425614060,3425614058,9.187458701661813,126.78693008293303
3425614060,3425614068,9.33034489101123,128.75875949595496
3425614060,3425614076,2.8521643300745496,39.35986775502879
6009981690,6009981687,7.017272948800591,96.83836669344817
6720802900,6012773222,2.0766463555788923,28.657719706988715
6720802901,6720802907,2.0588335106603157,28.411902447112357
6720802901,6720802908,5.984774482311514,82.5898878558989
6720802901,6012773222,6.733070073578838,92.91636701538796
3425614058,6009476971,21.841576996271105,301.4137625485413
3425614058,3425614021,14.217706590953261,196.204350955155
3425614058,10058218681,50.479224490311545,696.6132979662993
3425614058,3425614060,9.187458701661813,126.78693008293303
6009981693,6009981694,0.8991491993061547,12.408258950424935
6009981693,5809806774,1.4106411477447751,19.466847838877896
6009981693,6009981696,1.2238229812225387,16.888757140871036
6009981694,6009981693,0.8991491993061547,12.408258950424935
6009981694,5809806774,2.226595788457911,30.727021880719175
6009981694,5809806772,1.2577005629480043,17.35626776868246
1986177701,3425614017,3.773997964653402,52.08117191221695
1986177701,1986177691,3.661643769498762,50.53068401908291
1986177701,2826898625,7.203302137531802,99.40556949793887
3425614057,9696208609,1.02254561464102,14.111129482046076
7730792450,4007365124,5.586996468517189,77.1005512655372
6720802908,6720802914,2.097373246457482,28.943750801113254
6720802908,7223666808,3.1285913311539364,43.17456036992432
6720802908,6720802901,5.984774482311514,82.5898878558989
7730792448,6544416848,4.578726984543265,63.186432386697064
7730792448,5713101548,1.815805403549787,25.05811456898706
6720802907,6720802901,2.0588335106603157,28.411902447112357
6009981687,6009981690,7.017272948800591,96.83836669344817
6009981687,6300118448,1.9556280329971825,26.98766685536112
6009981687,4451500938,8.03143550258162,110.83380993562638
3425614079,3425614072,5.794498225277678,79.96407550883197
3425614079,3425614092,17.59412735816119,242.79895754262446
3425614079,3425614073,3.003952000392366,41.45453760541466
3425614079,6544448936,10.411022405981893,143.67210920255013
3425614076,3425614074,7.421288058231624,102.41377520359642
3425614076,3425614060,2.8521643300745496,39.35986775502879
3425614076,3425614080,4.728389565783864,65.25177600781733
3425614074,3425614076,7.421288058231624,102.41377520359642
3425614072,6544448936,14.57376211604048,201.11791720135864
3425614072,3425614079,5.794498225277678,79.96407550883197
3425614072,6544448915,15.02437181666125,207.33633106992525
3425614073,2826898657,10.974648170583,151.45014475404543
3425614073,3425614079,3.003952000392366,41.45453760541466
6009981664,6009981655,4.752761681073853,65.58811119881918
6009981664,2826898331,4.303070315605993,59.3823703553627
6009981664,5809806772,5.458691225654353,75.32993891403008
3425614068,3425614060,9.33034489101123,128.75875949595496
4007365121,4007365124,12.078428452190288,166.68231264022597
4007365121,9696208609,3.879265289935468,53.53386100110946
4007365121,2826898656,4.625802212952506,63.83607053874458
4007365120,6763953687,4.821380550132777,66.53505159183233
4007365120,4007365119,1.4333468250527164,19.780186185727487
4007365120,9660304005,6.0012203179011765,82.81684038703624
10718606905,10718606910,1.9205492382567781,26.50357948794354
10718606905,3971490565,12.759883295838701,176.08638948257408
10718606910,10718606905,1.9205492382567781,26.50357948794354
10718606910,5809806796,17.485952273517558,241.3061413745423
4007365124,4007365121,12.078428452190288,166.68231264022597
4007365124,7730792450,5.586996468517189,77.1005512655372
4007365124,6479420991,3.017834410182245,41.646114860514984
1986177667,6135686357,5.097927949215169,70.35140569916933
1986177667,5809824218,8.646022261959514,119.3151072150413
1986177667,5809824230,4.559317614526431,62.91858308046475
6009981660,4457235458,4.286398279106464,59.15229625166921
5990516213,10660943604,2.7695986012739224,38.22046069758013
5990516213,2826898405,3.957834885338756,54.618121417674836
5990516213,10660943602,1.5931626149263547,21.985644085983697
1986177671,10660967005,1.9384470658465145,26.750569508681902
1986177671,4452592328,0.657388550184917,9.071961992551856
1986177671,1986177672,1.5413202914820712,21.270220022452584
3595142831,6720839077,8.524087659370577,117.63240969931398
6009981648,6009981651,9.03105950493641,124.62862116812246
6009981648,6009981652,1.4119087441226734,19.484340668892894
6761617390,6761617388,2.3701448707241406,32.70799921599314
1986177672,2826898429,1.7976931348623157E308,1.7976931348623157E308
1986177672,1986177671,1.5413202914820712,21.270220022452584
1986177672,4452592346,0.44656356962137667,6.162577260774999
5889956858,6009980367,1.553449716591482,21.437606088962454
1986177673,1986177678,20.820681564197177,287.32540558592103
1986177673,2714795632,1.7976931348623157E308,1.7976931348623157E308
1986177673,3043832878,1.8302542880110286,25.257509174552197
3425614021,1986177688,7.818549490308806,107.89598296626153
3425614021,3425614058,14.217706590953261,196.204350955155
3425614021,8837631697,5.961454537963702,82.26807262389909
5889956859,6009980366,0.3363968018959457,4.64227586616405
5889956859,2826898406,1.4709904801714702,20.29966862636629
5889956859,2826898430,0.38704508417580885,5.341222161626162
6009981651,6009981648,9.03105950493641,124.62862116812246
6761617388,6761617390,2.3701448707241406,32.70799921599314
6761617388,3043832869,3.5251036572711625,48.64643047034205
6761617388,5938319993,9.327062199076817,128.7134583472601
1986177678,1986177673,20.820681564197177,287.32540558592103
1986177678,1986177681,7.824693879947166,107.9807755432709
1986177678,6300118432,1.8727976669545772,25.844607803973165
1986177678,1986177686,2.2046122538294246,30.42364910284606
5889956860,4239348892,0.26717915505689044,3.687072339785088
5889956860,6763897379,11.110425421962262,153.32387082307923
5889956860,5892440790,45.310343277922016,625.2827372353238
6009981652,5729091490,3.186123528167313,43.96850468870892
6009981652,5729091489,3.2623840492379435,45.02089987948362
6009981652,6009981648,1.4119087441226734,19.484340668892894
6593312785,6593229984,3.805977120969671,52.522484269381465
6593312785,4452592346,4.953092785713223,68.35268044284248
6593312785,6300118433,1.1642316652382227,16.066396980287475
3425614017,1986177701,3.773997964653402,52.08117191221695
3425614017,7111063534,2.575663405813597,35.54415500022764
6009981655,6009981664,4.752761681073853,65.58811119881918
6009981655,2826898358,3.4221836072912857,47.22613378061975
6009981655,6323854154,7.0017401150469025,96.62401358764726
3595142841,2826898332,2.583417881663976,35.65116676696287
3595142841,9143740832,2.4955281090435415,34.43828790480087
3595142841,6300118454,7.884537496892149,108.80661745711166
2826898573,1440186872,10.021481929496888,138.29645062705706
2826898573,4451501906,3.8973708023006624,53.783717071749145
2826898573,2826898539,5.4732342579802475,75.53063276012742
1986177681,5713101579,3.993800015015534,55.11444020721437
1986177681,5713101548,0.8026300633047655,11.076294873605764
1986177681,1986177678,7.824693879947166,107.9807755432709
2826898572,4451501907,3.7514188486755358,51.7695801117224
2826898572,6285386465,5.787755101376141,79.87102039899075
2826898572,2826898538,5.395774622837963,74.46168979516389
6009981643,6009981625,1.411358388372813,19.47674575954482
6009981643,6009981629,3.3372260920823966,46.05372007073708
6009981643,6009981630,1.154482365650704,15.931856645979716
1986177686,5713101556,5.184997926267359,71.55297138248956
1986177686,1986177693,3.8482285981813704,53.10555465490292
1986177686,1986177678,2.2046122538294246,30.42364910284606
6720802914,6720802908,2.097373246457482,28.943750801113254
1986177684,5713101565,1.1102542449272512,15.321508579996067
1986177684,5713101548,1.4488947988261993,19.99474822380155
1986177684,1986177688,3.168572579464281,43.72630159660708
6009981632,6009981629,1.5180526303929816,20.949126299423146
6009981632,2826898383,7.090645205578874,97.85090383698846
6009981632,6009981628,2.4062913786054363,33.20682102475502
1986177691,7111063532,4.1799731921404675,57.68363005153845
1986177691,6300118428,0.7840829881458337,10.820345236412505
1986177691,1986177701,3.661643769498762,50.53068401908291
1986177688,1986177684,3.168572579464281,43.72630159660708
1986177688,3425614021,7.818549490308806,107.89598296626153
1986177688,6544416848,1.925497257614829,26.57186215508464
1159581159,6285256115,6.745569379159749,93.08885743240454
1159581159,4212969842,11.46572851650027,158.22705352770373
1159581159,1159581277,6.301830391624904,86.96525940442368
6009981635,6009981639,2.560159334367007,35.3301988142647
6009981635,6009981630,1.3843910077470865,19.104595906909793
3595142839,4457235452,9.019897294876017,124.47458266928905
3595142839,6720839076,3.5987877841900136,49.66327142182219
3595142839,6720839077,3.8139398103364597,52.63236938264315
1986177693,7111063545,6.420508841772245,88.60302201645698
1986177693,4294693066,1.067324099353394,14.729072571076836
1986177693,1986177686,3.8482285981813704,53.10555465490292
3595142838,11411731181,15.773489171614179,217.67415056827568
3595142838,4451500939,1.8484350282943247,25.508403390461684
3595142838,6300118454,3.8879331568399196,53.65347756439089
6009981639,6009981635,2.560159334367007,35.3301988142647
6285310883,6285310879,1.026076562457722,14.159856561916564
6012773222,6012773221,2.628712130065213,36.27622739489994
6012773222,6720802900,2.0766463555788923,28.657719706988715
6012773222,6720802901,6.733070073578838,92.91636701538796
6012773222,1159580659,22.946344220819082,316.65955024730334
6012773221,6012773222,2.628712130065213,36.27622739489994
10718542804,6720652935,8.53709921485909,117.81196916505544
10718542804,2826898427,6.6292741735801215,91.48398359540568
10718542804,10718542803,1.5398407578076188,21.24980245774514
6763897379,6763897380,1.3064000951719124,18.02832131337239
6763897379,5889956860,11.110425421962262,153.32387082307923
6763897379,4239348897,3.3041680031984964,45.597518444139254
3971492275,6761604304,0.8596677677406431,11.863415194820876
3971492275,4177855813,5.636611450352845,77.78523801486926
3971492275,4239348686,4.8020063950401894,66.26768825155462
6763897380,6763897379,1.3064000951719124,18.02832131337239
10718542803,8837631671,2.890094857577469,39.88330903456907
10718542803,10718542804,1.5398407578076188,21.24980245774514
10718542803,10718542802,5.0654099401667,69.90265717430046
10718542802,10718542803,5.0654099401667,69.90265717430046
5751454657,5809806771,9.271046256611537,127.94043834123923
5751454657,5751454666,1.5538317605036185,21.442878294949935
5751454657,5751454662,1.2780052320490696,17.63647220227716
6544430853,6009981846,9.78235760566803,134.99653495821883
6544430853,5809824221,10.492982952587568,144.80316474570844
6544430853,5809824218,2.058885452205519,28.41261924043616
10718542797,11069389085,1.7009447209838187,23.473037149576697
10718542797,5889956877,2.589802926902721,35.73928039125755
10718542797,5892440792,8.380919549667784,115.65668978541542
10660967010,6009981812,4.412111884961285,60.88714401246574
6544430855,6544430854,6.07663879813435,83.85761541425403
6720802180,6720802184,2.41219589578413,33.288303361820994
6720802180,7223673651,1.4730795984569105,20.328498458705365
6720802180,6720815385,1.282741203602839,17.70182860971918
10660967009,10660967005,4.941591718733864,68.19396571852732
10660967009,5809824230,11.34092907649935,156.50482125569104
10660967009,4452592328,2.541882923777238,35.07798434812589
6544430854,6544430855,6.07663879813435,83.85761541425403
6544430854,1986177662,6.269398054101078,86.51769314659488
6544430854,8298530946,0.7530040332438713,10.391455658765425
5751454661,5751454643,0.5267900696044332,7.269702960541179
5751454661,5751454662,10.981290885379389,151.54181421823557
5751454660,5751454643,3.0476108922509955,42.05703031306374
5751454660,2826898381,3.8108872657165076,52.59024426688781
5751454660,1986177662,5.641703420318333,77.85550720039299
6720802179,6720802174,3.5657439863874565,49.2072670121469
10660967014,6009981795,3.1765760580638416,43.836749601281014
5751454662,5751454661,10.981290885379389,151.54181421823557
5751454662,5751454657,1.2780052320490696,17.63647220227716
10660967019,10660967017,3.504971221175316,48.36860285221937
10660967019,5809824227,1.770692039108045,24.43555013969102
10660967019,5809824229,1.2080667948258397,16.671321768596588
10660967017,10660967019,3.504971221175316,48.36860285221937
5751454666,5729193500,2.99746329404024,41.36499345775531
5751454666,5751454657,1.5538317605036185,21.442878294949935
6720802184,6720802180,2.41219589578413,33.288303361820994
3425614092,3425614079,17.59412735816119,242.79895754262446
3425614092,4418071804,5.276077515019838,72.80986970727378
3425614092,4177855832,4.87964282049581,67.33907092284218
9665171761,6542041041,3.8807616055649037,53.55451015679567
3425614089,6763903866,2.417312924549498,33.35891835878308
3425614089,3425614085,4.963626605468043,68.498047155459
3425614089,6763903857,3.5715896977997192,49.28793782963613
4457235594,6720611099,6.557501838827279,90.49352537581646
4457235594,6285386465,9.213943043299093,127.15241399752749
4457235594,6542041040,8.094806398042593,111.70832829298779
3425614084,3425614085,7.562976740385505,104.36907901731998
3425614085,3425614084,7.562976740385505,104.36907901731998
3425614085,3425614080,5.065711245501006,69.90681518791388
3425614085,3425614089,4.963626605468043,68.498047155459
3425614082,9647799047,5.951769879060594,82.1344243310362
3425614080,9647799047,1.6257416416387604,22.435234654614895
3425614080,3425614076,4.728389565783864,65.25177600781733
3425614080,3425614085,5.065711245501006,69.90681518791388
10660967005,10660967009,4.941591718733864,68.19396571852732
10660967005,1986177671,1.7976931348623157E308,1.7976931348623157E308
10660967005,2826898410,5.3712806092967895,74.1236724082957
3425614081,6544448915,7.715544174522152,106.4745096084057
3425614081,4177855829,25.002944120627323,345.0406288646571
6245823862,2826898463,7.310796077776787,100.88898587331965
6245823862,11069389085,1.7976931348623157E308,1.7976931348623157E308
6245823862,2826898415,5.129530470498706,70.78752049288214
6720839076,11411771275,11.438587458298441,157.8525069245185
6720839076,3595142839,3.5987877841900136,49.66327142182219
6720839077,6720839084,7.610410971089793,105.02367140103915
6720839077,3595142831,8.524087659370577,117.63240969931398
6720839077,3595142839,3.8139398103364597,52.63236938264315
6763953695,6763953687,10.234413147120867,141.23490143026797
6763953695,2826898657,9.84673285978539,135.8849134650384
6763953695,8837631674,6.084045889764388,83.95983327874856
6009981696,5809806772,0.9812573336996716,13.541351205055468
6009981696,2826898332,3.717833713945079,51.306105252442094
6009981696,6009981693,1.2238229812225387,16.888757140871036
6720839084,6720839077,7.610410971089793,105.02367140103915
6285310879,6285310883,1.026076562457722,14.159856561916564
6285310879,6285313885,1.8097737839384695,24.97487821835088
1159580706,1159580577,17.86903279342727,246.59265254929633
6763953687,6763953695,10.234413147120867,141.23490143026797
6763953687,8837631680,8.870374947175723,122.41117427102498
6763953687,4007365120,4.821380550132777,66.53505159183233
6009981816,6009981812,4.310318521300866,59.482395593951956
6009981816,6009981795,2.207208733519498,30.459480522569073
3043832877,3043832878,1.2624367465662656,17.421627102614465
3043832877,4451500942,1.7976931348623157E308,1.7976931348623157E308
3043832877,2714795629,3.491939427530057,48.18876409991479
3043832876,4452585002,9.773418690444174,134.87317792812962
3043832876,3043832871,4.460150244712946,61.550073377038665
3043832876,4007365112,1.346441149931313,18.58088786905212
6009981817,6009981808,3.338041764579161,46.06497635119242
6009981817,6009981795,1.6900512115010935,23.322706718715093
6009981817,2714795627,3.5282767769371994,48.690219521733354
3043832878,3043832877,1.2624367465662656,17.421627102614465
3043832878,4452590458,12.338978818652775,102.82482348877313
3043832878,1986177673,1.7976931348623157E308,1.7976931348623157E308
3043832872,5448715862,10.605579737109023,146.35700037210452
3043832872,3971492289,0.9664464678020096,13.336961255667733
3043832872,3043832862,6.381454489802698,88.06407195927723
3043832875,3043832885,20.499462069147768,282.8925765542392
3043832875,3971492289,2.1518055594639676,29.694916720602755
3043832869,6761617388,3.5251036572711625,48.64643047034205
3043832869,3043832861,2.8927574951816157,39.9200534335063
3043832869,3043832871,3.2766290661761857,45.217481113231365
6009981808,6009981817,3.338041764579161,46.06497635119242
9660304006,9660304005,1.439475630592209,19.864763702172485
9660304006,4007365118,1.7976931348623157E308,1.7976931348623157E308
9660304006,4007365119,5.9866257097634,82.61543479473492
6009981809,6009981804,1.689096968473899,23.30953816493981
6009981809,6009981803,0.8357815629937396,11.533785569313608
6009981809,2714795627,0.8116654312837778,11.200982951716133
3043832871,3043832851,5.640675011968733,77.84131516516852
3043832871,3043832876,4.460150244712946,61.550073377038665
3043832871,3043832869,3.2766290661761857,45.217481113231365
9660304005,9660304006,1.439475630592209,19.864763702172485
9660304005,4007365120,1.7976931348623157E308,1.7976931348623157E308
9660304005,4007365117,3.870658733147699,53.41509051743825
6009981812,10660967010,4.412111884961285,60.88714401246574
6009981812,6009981816,4.310318521300866,59.482395593951956
6009981812,6009981803,2.962264452297935,40.8792494417115
1159580754,7223675107,1.714995305476273,23.66693521557257
1159580754,7223666804,3.1242434932663214,43.114560207075236
1159580754,7223666808,3.000922499211254,41.41273048911531
6009981803,6009981798,3.6664365096566938,50.59682383326238
6009981803,6009981812,2.962264452297935,40.8792494417115
6009981803,6009981809,0.8357815629937396,11.533785569313608
6009981804,6009981809,1.689096968473899,23.30953816493981
6009981804,2714795628,0.6964685234834359,9.611265624071416
6009981804,8874462498,1.685973945356596,23.266440445921027
3043832885,3043832875,20.499462069147768,282.8925765542392
3043832885,1159581515,2.1204457753068366,29.262151699234348
6009981795,6009981798,2.109367039044283,29.109265138811107
6009981795,10660967014,3.1765760580638416,43.836749601281014
6009981795,6009981817,1.6900512115010935,23.322706718715093
6009981795,6009981816,2.207208733519498,30.459480522569073
6009476971,3425614058,21.841576996271105,301.4137625485413
6009476971,7111063534,2.5587487007608583,35.310732070499846
6009476971,8837631697,6.438616835033055,88.85291232345617
3043832883,2826898433,8.305508957699674,114.6160236162555
6009981798,6009981795,2.109367039044283,29.109265138811107
6009981798,6009981803,3.6664365096566938,50.59682383326238
5751454643,5751454660,3.0476108922509955,42.05703031306374
5751454643,5751454661,0.5267900696044332,7.269702960541179
6135686357,1986177667,5.097927949215169,70.35140569916933
6135686357,8298530945,0.5079075584171369,7.009124306156489
6009981791,6009981778,4.151510482826284,57.29084466300272
6009981791,6009981782,11.273607492423167,155.57578339543971
3043832839,3043832814,17.78452555169323,245.42645261336656
3043832839,3043832821,8.512497904494829,117.47247108202865
3043832839,3043832851,3.990196976155976,55.064718270952476
6009981778,6009981781,5.350735821226843,73.84015433293044
6009981778,6009981791,4.151510482826284,57.29084466300272
6009981778,6009981585,17.83737624754282,246.15579221609093
6009981781,6009981778,5.350735821226843,73.84015433293044
6009981781,5809806817,1.5074121470250355,20.80228762894549
6009981781,5809806807,5.587690141186399,77.1101239483723
1159580787,6009981847,4.1372885217492374,57.09458160013948
1159580787,5809824221,12.627851160200859,174.26434601077185
1159580787,4239348679,4.059056898881664,56.01498520456697
6009981782,6012858262,2.0575603228528574,28.394332455369433
6009981782,6009981791,11.273607492423167,155.57578339543971
3043832861,3043832851,5.0634854768570925,69.87609958062788
3043832861,7223670458,7.4684504977415545,103.06461686883345
3043832861,3043832869,2.8927574951816157,39.9200534335063
3043832862,3043832872,6.381454489802698,88.06407195927723
3043832862,10580993694,0.7640954417991103,10.544517096827722
3043832862,7223673651,13.4902326306409,186.16521030284443
3971492289,3043832875,2.1518055594639676,29.694916720602755
3971492289,3043832872,0.9664464678020096,13.336961255667733
3971492289,4239348686,7.6060137504421546,104.96298975610173
3043832851,3043832861,5.0634854768570925,69.87609958062788
3043832851,3043832839,3.990196976155976,55.064718270952476
3043832851,3043832871,5.640675011968733,77.84131516516852
10660943603,10660943602,0.9384667698488186,12.950841423913698
10660943603,8874462489,3.458767970294903,47.73099799006967
10660943603,10660943601,1.4169392646927976,19.55376185276061
10660943602,10660943603,1.7976931348623157E308,1.7976931348623157E308
10660943602,5990516213,1.5931626149263547,21.985644085983697
10660943602,1159580390,3.380732255300363,46.654105123145015
10660943601,10660943603,1.4169392646927976,19.55376185276061
10660943604,5990516213,2.7695986012739224,38.22046069758013
6720815388,6720815385,2.7380794153383015,37.785495931668564
6720815389,6720815394,3.823018307375961,52.75765264178826
6720815389,6720802174,9.419794448815761,129.9931633936575
6720815389,3043832814,3.3562080941398693,46.3156716991302
6720815385,6720815388,2.7380794153383015,37.785495931668564
6720815385,6720802180,1.282741203602839,17.70182860971918
6720815385,6720802174,13.393365123759393,184.82843870787963
6544445365,6544445366,2.2812036430259828,31.480610273758565
6544445365,4007365119,6.167897841345285,85.11699021056494
6544445365,2826898625,2.0524885380589164,28.324341825213047
11335171587,11335160057,13.245400873794633,182.78653205836594
7223673651,7223673656,4.4750761850817575,61.75605135412826
7223673651,3043832862,13.4902326306409,186.16521030284443
7223673651,6720802180,1.4730795984569105,20.328498458705365
6544445366,6544445365,2.2812036430259828,31.480610273758565
6544445366,2826898625,2.0880353817135666,28.81488826764722
6544445366,2826898657,8.704136078113615,120.1170778779679
7223673657,7223673661,2.6741798824291827,36.90368237752272
7223673657,3043832814,6.509731015678561,89.83428801636414
7223673657,6744822463,12.553441667874758,173.23749501667166
7223673656,7223673651,4.4750761850817575,61.75605135412826
7223673661,7223673657,2.6741798824291827,36.90368237752272
6009981846,6544430853,9.78235760566803,134.99653495821883
6009981846,5809806813,1.699382939133056,23.451484560036175
6009981846,5809806807,2.96367497216869,40.89871461592793
4457235458,6009981660,4.286398279106464,59.15229625166921
4457235458,2826898331,1.4797064040109187,20.41994837535068
4457235458,4457235452,6.150885764108102,84.88222354469181
6009981847,4239348679,5.9554213013888875,82.18481395916665
6009981847,6972612836,4.695279634328605,64.79485895373475
6009981847,1159580787,4.1372885217492374,57.09458160013948
6720815394,6720815389,3.823018307375961,52.75765264178826
11020888403,11020904203,0.7679423906590898,10.597604991095439
11020888403,5809806805,0.8714640834948743,12.026204352229266
11020888403,5809806802,0.7909380060629365,10.914944483668524
1159580839,11411758979,3.586196871851551,49.489516831551406
1159580839,5889956881,4.498107464509855,62.073883010235996
1159580839,1159581015,3.4311737357790686,47.35019755375115
4847169834,4504572475,38.402895612973325,529.9599594590319
4847169830,4268432910,21.37656353261572,294.99657675009695
4847169830,4504572475,10.319279662358587,142.40605934054852
4847169830,6012492296,1.0260848044632696,14.15997030159312
5892440805,5892440803,2.8606662969039007,39.47719489727383
5892440805,5892440802,1.172892363474207,16.185914615944057
5892440805,2826898462,2.8657954597494935,39.547977344543014
5892440802,5892440803,1.7375313775891632,23.977933010730453
5892440802,4451500940,3.257467403329057,44.95305016594099
5892440802,5892440805,1.172892363474207,16.185914615944057
5892440803,5892440802,1.7375313775891632,23.977933010730453
5892440803,5892440805,2.8606662969039007,39.47719489727383
8874462498,8874462489,14.43099144407793,199.14768192827546
8874462498,6009981804,1.685973945356596,23.266440445921027
8874462498,5809806817,7.249239070499918,100.03949917289887
11411745258,6479420990,5.5248752149734255,76.24327796663327
5892440790,5892440791,0.5842446280209859,8.062575866689606
5892440790,5892440792,0.7151316273264554,9.868816457105085
5892440790,5889956860,45.310343277922016,625.2827372353238
5892440791,5892440790,0.5842446280209859,8.062575866689606
5892440791,5892440793,0.7288909082454823,10.058694533787657
5892440791,5892440794,1.1906818152405536,16.43140905031964
1985802174,6720831160,3.759348683062629,51.87901182626428
1985802174,6720831165,3.0723694737530023,42.398698737791435
1985802174,4143470957,2.7236938879376873,37.58697565354009
5892440788,5892440789,3.018389748652771,41.65377853140824
5892440788,5892440794,1.7976931348623157E308,1.7976931348623157E308
5892440788,4451500968,1.4991959412179319,20.68890398880746
5892440789,5892440788,3.018389748652771,41.65377853140824
5892440789,4451500969,1.7976931348623157E308,1.7976931348623157E308
5892440789,5892440795,2.6813496573648585,37.00262527163505
4847169807,4847169821,24.614165028474613,339.6754773929497
6720802174,6720802179,3.5657439863874565,49.2072670121469
6720802174,6720815385,13.393365123759393,184.82843870787963
6720802174,6720815389,9.419794448815761,129.9931633936575
5892440794,2826898431,1.7976931348623157E308,1.7976931348623157E308
5892440794,5892440788,2.6866052126393924,37.075151934423616
5892440794,5892440791,1.1906818152405536,16.43140905031964
5892440795,5892440789,1.7976931348623157E308,1.7976931348623157E308
5892440795,4451500947,1.5986453147689113,22.061305343810975
5892440795,5892440793,1.1441299192908443,15.788992886213652
5892440792,5892440793,0.5624301601813246,7.76153621050228
5892440792,10718542797,8.380919549667784,115.65668978541542
5892440792,5892440790,0.7151316273264554,9.868816457105085
8874462489,8874462498,14.43099144407793,199.14768192827546
8874462489,10660943603,3.458767970294903,47.73099799006967
8874462489,1159580390,1.7929500726602048,24.742711002710827
8874462489,6009981618,12.392802820994655,171.02067892972624
5892440793,5892440792,0.5624301601813246,7.76153621050228
5892440793,5892440795,1.1441299192908443,15.788992886213652
5892440793,5892440791,0.7288909082454823,10.058694533787657
6012858262,6972612824,3.1461032955239476,43.41622547823048
6012858262,6009981782,2.0575603228528574,28.394332455369433
4847169821,6012492296,15.440185473423469,213.07455953324387
4847169821,4847169807,24.614165028474613,339.6754773929497
6285313885,6285310879,1.8097737839384695,24.97487821835088
6285313885,11335171583,9.632007904404457,132.9217090807815
6720652948,6720652956,4.348539480061565,60.0098448248496
6720652948,4451500969,1.3390284658943008,18.478592829341352
6720652948,2826898463,3.7288836326816606,51.45859413100692
6720652944,6720652940,8.845470174296652,122.06748840529382
4451501907,4451500982,5.413791746310875,74.71032609909008
4451501907,4007365117,2.1995988631628287,30.35446431164704
4451501907,2826898572,3.7514188486755358,51.7695801117224
4451501906,4451500978,5.429880863531043,74.9323559167284
4451501906,2826898573,3.8973708023006624,53.783717071749145
4451501906,4007365118,1.7339221595602479,23.928125801931422
6720652956,6720652948,4.348539480061565,60.0098448248496
6720652956,2826898463,1.6431742484082756,22.675804628034204
6720652956,6285388489,1.3753613124377841,18.979986111641423
11411440166,11411440165,2.7082304293439705,37.373579924946796
11411440166,11411442375,2.360868195383578,32.57998109629338
11411440167,2826898462,3.133269142025785,43.23911415995584
11411440167,11411440165,2.428296451455984,33.51049103009258
11411440165,11411440166,2.7082304293439705,37.373579924946796
11411440165,11411440167,2.428296451455984,33.51049103009258
4451501892,4451501894,3.2390283886908096,44.69859176393317
4451501895,4451501897,3.1491666345357485,43.45849955659333
4451501894,4451501892,3.2390283886908096,44.69859176393317
4451501894,4451501901,1.4963598219000573,20.64976554222079
4451501894,4451500988,2.8750627302808667,39.67586567787596
6720652935,6285388485,11.446600425769756,157.96308587562262
6720652935,6720652940,3.467193687919487,47.847272893288924
6720652935,10718542804,8.53709921485909,117.81196916505544
4451501889,4451501897,1.4864893148974523,20.513552545584844
4451501889,4451500988,1.355840112884831,18.710593557810668
6747649061,6747649064,2.7328929410932488,37.713922587086834
4452590450,1279838820,1.4837221400132057,20.475365532182238
4452590450,1279838814,0.47984475509844793,6.621857620358582
4452590450,5729193500,1.7976931348623157E308,1.7976931348623157E308
1279838814,4452590450,0.47984475509844793,6.621857620358582
1279838814,4451500942,0.7057908929888097,9.739914323245575
1279838814,11411367610,6.030361656860236,83.21899086467126
1279838815,4239348679,4.238828925518002,58.49583917214842
4451501901,4451501897,4.231879087184903,58.39993140315166
4451501901,4451501894,1.4963598219000573,20.64976554222079
6720652940,6720652944,8.845470174296652,122.06748840529382
6720652940,6720611092,1.9763481671212424,27.273604706273147
6720652940,3971492402,9.783403718984328,135.01097132198373
6720652940,6720652935,3.467193687919487,47.847272893288924
6300118428,6300118432,11.550398072196028,159.3954933963052
6300118428,1440186872,4.956832658218262,68.40429068341201
6300118428,1986177691,0.7840829881458337,10.820345236412505
6747649064,6747649061,2.7328929410932488,37.713922587086834
6747649064,4792184068,1.3409638245804958,18.50530077921084
6747649064,6720831165,13.382431817092867,184.67755907588156
4452590462,1279838820,0.4425314529527891,6.10693405074849
4452590462,4452590458,0.7188002743185117,9.919443785595462
4452590462,6544416842,7.118654083111333,98.2374263469364
4451501897,4451501895,3.1491666345357485,43.45849955659333
4451501897,4451501901,4.231879087184903,58.39993140315166
4451501897,4451501889,1.4864893148974523,20.513552545584844
4452590458,3043832878,1.7976931348623157E308,1.7976931348623157E308
4452590458,4451500942,1.4286229096168497,19.714996152712526
4452590458,4452590462,0.7188002743185117,9.919443785595462
8298530945,6135686357,0.5079075584171369,7.009124306156489
8298530945,8298530946,7.594234992678153,104.80044289895852
8298530945,5809824230,6.931462691399757,95.65418514131665
8298530946,6544430854,0.7530040332438713,10.391455658765425
8298530946,5809824218,1.138343084784267,15.709134570022886
8298530946,8298530945,7.594234992678153,104.80044289895852
6300118438,6544416845,4.783617815867464,66.013925858971
6300118433,6593312785,1.1642316652382227,16.066396980287475
6300118433,5713101572,3.303893643932904,45.593732286274076
6300118433,6544416845,3.274905806353959,45.193700127684636
6300118432,6300118428,11.550398072196028,159.3954933963052
6300118432,1986177678,1.8727976669545772,25.844607803973165
6300118432,6594879926,1.6368195734163715,22.588110113145927
6720831164,6720831160,2.805278181808214,38.71283890895336
6720831165,6720831169,2.3005467316937454,31.747544897373686
6720831165,6747649064,13.382431817092867,184.67755907588156
6720831165,1985802174,3.0723694737530023,42.398698737791435
1279838820,4452590462,0.4425314529527891,6.10693405074849
1279838820,4452590450,1.4837221400132057,20.475365532182238
1279838820,5729193501,5.128969493043525,70.77977900400064
6720831160,6720831164,2.805278181808214,38.71283890895336
6720831160,1985802174,3.759348683062629,51.87901182626428
6720831160,7223666799,8.701602481317659,120.08211424218369
6544469029,6544469024,4.734939108173022,65.34215969278772
6300118454,6300118448,12.113922357973884,167.1721285400396
6300118454,3595142838,3.8879331568399196,53.65347756439089
6300118454,3595142841,7.884537496892149,108.80661745711166
6300118448,6300118454,12.113922357973884,167.1721285400396
6300118448,4451500939,2.3573974049558113,32.5320841883902
6300118448,6009981687,1.9556280329971825,26.98766685536112
6544469024,6544469029,4.734939108173022,65.34215969278772
6544469024,4177855832,1.9033465472725886,26.266182352361724
6544469024,3425614694,3.0003423997574936,41.40472511665342
6542041042,6542041043,4.023391283549129,55.522799712977985
6542041042,6542041040,0.7931819782275403,10.945911299540057
6542041042,4177855822,3.5487679693608296,48.97299797717945
6542041043,6542041042,4.023391283549129,55.522799712977985
6542041040,4457235594,8.094806398042593,111.70832829298779
6542041040,6542041042,0.7931819782275403,10.945911299540057
6542041040,6542041041,5.712094899791852,78.82690961712757
6542041041,11046891059,20.646947779074413,284.9278793512269
6542041041,6542041040,5.712094899791852,78.82690961712757
6542041041,9665171761,3.8807616055649037,53.55451015679567
6544416848,7730792448,4.578726984543265,63.186432386697064
6544416848,1986177688,1.925497257614829,26.57186215508464
4504572475,4268432924,18.27703295510871,252.2230547805002
4504572475,4847169830,10.319279662358587,142.40605934054852
4504572475,4847169834,38.402895612973325,529.9599594590319
4504572475,6763974004,1.0331360338681055,14.257277267379857
6720831184,6720831181,2.382518764073202,32.87875894421019
7223675102,7223675105,2.1316644219408136,29.41696902278323
7223675102,6747640044,1.067449809810699,14.730807375387647
7223675102,6747640052,5.133565619426615,70.84320554808728
6720831174,6720831176,1.6365842264484693,22.58486232498888
6720831174,3043832799,5.2012549968694515,71.77731895679844
6720831174,4007365108,0.625359979468758,8.62996771666886
4457235452,3971490565,6.969533269869904,96.17955912420469
4457235452,4457235458,6.150885764108102,84.88222354469181
4457235452,3595142839,9.019897294876017,124.47458266928905
6720831173,4143470957,2.228741359152692,30.75663075630715
1159581515,1159581277,8.505491641513965,117.37578465289272
1159581515,3043832885,2.1204457753068366,29.262151699234348
1159581515,1159581406,7.1712730963955735,98.96356873025891
6720831169,6720831165,2.3005467316937454,31.747544897373686
6544416842,6544416845,22.905701099840208,316.09867517779486
6544416842,4452590462,7.118654083111333,98.2374263469364
6544416842,11411361709,3.311407564373928,45.69742438836021
6720831180,6720831177,1.875013755776341,25.87518982971351
6720831181,6720831184,2.382518764073202,32.87875894421019
6720831181,6743286400,1.0151058659061052,14.008460949504252
6720831181,6012771779,2.8659907056355634,39.55067173777078
6763974006,6763974004,1.130616940627654,15.602513780661626
11335171583,6285313885,9.632007904404457,132.9217090807815
6720831176,6720831174,1.6365842264484693,22.58486232498888
6763974005,7113398081,3.7096243872423056,51.19281654394382
6763974005,6763974004,0.6961474089649593,9.606834243716438
6544416845,6544416842,22.905701099840208,316.09867517779486
6544416845,6300118433,3.274905806353959,45.193700127684636
6544416845,6300118438,4.783617815867464,66.013925858971
6720831177,6720831180,1.875013755776341,25.87518982971351
6720831177,4007365108,6.157074572379369,84.9676290988353
6720831177,6743286400,4.5958147724937035,63.42224386041311
6763974004,6763974006,1.130616940627654,15.602513780661626
6763974004,4504572475,1.0331360338681055,14.257277267379857
6763974004,6763974005,0.6961474089649593,9.606834243716438
1159580542,2826898406,1.7976931348623157E308,1.7976931348623157E308
5713101548,1986177681,0.8026300633047655,11.076294873605764
5713101548,1986177684,1.4488947988261993,19.99474822380155
5713101548,7730792448,1.815805403549787,25.05811456898706
5713101547,5713101571,4.548283869203883,62.76631739501359
4212969842,4177855822,5.224172268557606,72.09357730609496
4212969842,6285256115,7.857114009893923,108.42817333653615
4212969842,1159581159,11.46572851650027,158.22705352770373
4212969842,1159581015,2.9385502337674008,40.55199322599013
7223675105,7223675102,2.1316644219408136,29.41696902278323
5713101556,1986177686,5.184997926267359,71.55297138248956
5713101556,5713101571,1.7976931348623157E308,1.7976931348623157E308
5713101556,5713101570,1.1783043151894503,16.260599549614415
7223675107,1159580754,1.714995305476273,23.66693521557257
7223675108,7223675111,2.3310079054495993,32.16790909520447
7223675108,3043832799,3.9742136276384055,54.844148061409996
7223675108,7223666796,2.944724301532304,40.63719536114579
7223675111,7223675108,2.3310079054495993,32.16790909520447
5713101565,1986177684,1.1102542449272512,15.321508579996067
5713101565,5713101570,1.7976931348623157E308,1.7976931348623157E308
5713101565,5713101571,1.093402613597529,15.088956067645901
3043832814,7223673657,6.509731015678561,89.83428801636414
3043832814,6720815389,3.3562080941398693,46.3156716991302
3043832814,3043832839,17.78452555169323,245.42645261336656
3971492402,6009506297,6.028906504280555,83.19890975907167
3971492402,6479421008,0.5272650818022593,7.276258128871178
3971492402,6720652940,9.783403718984328,135.01097132198373
5448715862,3043832872,10.605579737109023,146.35700037210452
11411367610,11411367614,8.005153882278815,110.47112357544766
11411367610,1279838814,6.030361656860236,83.21899086467126
11411367610,2826898383,3.0137827927111163,41.590202539413404
11411367615,11411367616,5.6459527023313205,77.91414729217223
11411367615,4007365109,3.0685967838091837,42.346635616566736
11411367615,2826898358,4.392350403399422,60.61443556691202
11411367614,11411367610,8.005153882278815,110.47112357544766
3043832821,5809806776,10.081967059650424,139.13114542317587
3043832821,3043832839,8.512497904494829,117.47247108202865
3043832821,6009980384,3.526600075076666,48.66708103605799
11411360399,6012771779,5.265278266501576,72.66084007772174
3043832799,6744822463,1.1195827040487123,15.45024131587223
3043832799,7223675108,3.9742136276384055,54.844148061409996
3043832799,6720831174,5.2012549968694515,71.77731895679844
1159580577,7084797659,1.0227248311953463,14.11360267049578
1159580577,1159580706,17.86903279342727,246.59265254929633
1159580577,4143470957,5.600380105543108,77.28524545649489
6747640049,6747640045,3.7189352841967924,51.321306921915735
6747640049,1159580659,19.900624813238608,274.6286224226928
6747640049,6747640044,6.09130441752353,84.06000096182471
6747640050,6747640052,3.2893401526485317,45.39289410654974
6747640052,6747640050,3.2893401526485317,45.39289410654974
6747640052,7223675102,5.133565619426615,70.84320554808728
6747640052,7084797642,4.859051372943777,67.05490894662412
4451500947,2826898431,3.2352880214394246,44.64697469586406
4451500947,2826898422,0.19643726261881103,2.7108342241395924
4451500947,5892440795,1.7976931348623157E308,1.7976931348623157E308
11069389085,10718542797,1.7009447209838187,23.473037149576697
11069389085,11069389084,1.7976931348623157E308,1.7976931348623157E308
11069389085,6245823862,1.9693093139735105,27.176468532834445
11069389084,5889956877,1.6948362914107236,23.388740821467987
11069389084,4452585001,1.7976931348623157E308,1.7976931348623157E308
11069389084,11069389085,2.534476479465254,34.97577541662051
5729091491,5729091492,2.9373344229918263,40.53521503728721
5729091491,2826898381,3.928862124358967,54.21829731615375
5729091491,2826898396,13.88608799034209,191.62801426672087
6747640041,6747640044,3.4543207980680117,47.66962701333856
4451500940,5892440802,3.257467403329057,44.95305016594099
4451500940,2826898413,1.7976931348623157E308,1.7976931348623157E308
4451500940,5729193500,4.46596883554958,61.63036993058421
5729091490,2826898359,4.265675937968388,58.86632794396376
5729091490,2826898381,3.0914153234530533,42.66153146365214
5729091490,6009981652,3.186123528167313,43.96850468870892
5729091489,6009981652,3.2623840492379435,45.02089987948362
4451500942,3043832877,7.4968409381399,103.45640494633062
4451500942,1279838814,0.7057908929888097,9.739914323245575
4451500942,4452590458,1.4286229096168497,19.714996152712526
6747640045,6747640049,3.7189352841967924,51.321306921915735
6747640044,6747640041,3.4543207980680117,47.66962701333856
6747640044,6747640049,6.09130441752353,84.06000096182471
6747640044,7223675102,1.067449809810699,14.730807375387647
4451500939,11411771275,3.002335355031497,41.432227899434665
4451500939,3595142838,1.8484350282943247,25.508403390461684
4451500939,6300118448,2.3573974049558113,32.5320841883902
11411731181,3595142838,15.773489171614179,217.67415056827568
4451500938,6009981687,8.03143550258162,110.83380993562638
5729091492,5729091491,2.9373344229918263,40.53521503728721
4451500981,4451500979,5.686169456087003,78.46913849400065
4451500981,4451500982,1.0548037930646936,14.556292344292773
4451500981,4451500980,1.5613336075838975,21.546403784657787
4451500980,4451500988,1.2068129338578213,16.654018487237934
4451500980,4451500981,1.5613336075838975,21.546403784657787
4451500980,4451500979,1.679337971832805,23.17486401129271
7223666803,7223666799,2.706644849418862,37.3516989219803
4451500982,4451501907,5.413791746310875,74.71032609909008
4451500982,2826898538,3.7055189936239836,51.13616211201098
4451500982,4451500981,1.0548037930646936,14.556292344292773
7223666804,7223666807,2.0652327782842343,28.500212340322435
7223666804,4007365105,5.361584044822003,73.98985981854364
7223666804,1159580754,3.1242434932663214,43.114560207075236
4451500979,4451500981,5.686169456087003,78.46913849400065
4451500979,4451500980,1.679337971832805,23.17486401129271
4451500979,4451500978,1.086913333308585,14.999403999658474
7223666807,7223666804,2.0652327782842343,28.500212340322435
4451500978,4451501906,5.429880863531043,74.9323559167284
4451500978,4451500979,1.086913333308585,14.999403999658474
4451500978,2826898539,3.9286637845003374,54.21556022610466
4451500988,4451500980,1.2068129338578213,16.654018487237934
4451500988,4451501894,2.8750627302808667,39.67586567787596
4451500988,4451501889,1.355840112884831,18.710593557810668
7223666808,7223666811,1.7481635615836466,24.124657149854325
7223666808,1159580754,3.000922499211254,41.41273048911531
7223666808,6720802908,3.1285913311539364,43.17456036992432
11411442375,2826898539,3.1945718788481705,44.08509192810475
11411442375,11411440166,2.360868195383578,32.57998109629338
11411367616,11411367615,5.6459527023313205,77.91414729217223
7223666811,7223666808,1.7481635615836466,24.124657149854325
1159580659,6012773222,22.946344220819082,316.65955024730334
1159580659,6747640049,19.900624813238608,274.6286224226928
4451500969,4451500968,2.9929881813888457,41.30323690316607
4451500969,6720652948,1.3390284658943008,18.478592829341352
4451500969,5892440789,1.4302458976543604,19.737393387630174
4451500968,2826898462,4.871150525896755,67.22187725737521
4451500968,4451500969,2.9929881813888457,41.30323690316607
4451500968,5892440788,1.7976931348623157E308,1.7976931348623157E308
7223666796,7223666798,1.5581955655505126,21.503098804597077
7223666796,7223675108,2.944724301532304,40.63719536114579
7223666796,6744822451,2.428862241071938,33.518298926792745
7223666799,7223666803,2.706644849418862,37.3516989219803
7223666799,6720831160,8.701602481317659,120.08211424218369
7223666799,4007365105,1.8543190771858296,25.58960326516445
7223666798,7223666796,1.5581955655505126,21.503098804597077
5889956881,5889956877,15.317641149326436,211.38344786070482
5889956881,4007365112,0.3276640057771093,4.521763279724109
5889956881,1159580839,4.498107464509855,62.073883010235996
6285256115,1159581159,6.745569379159749,93.08885743240454
6285256115,4212969842,7.857114009893923,108.42817333653615
9696208609,9696208613,3.3535095874387846,46.278432306655226
9696208609,3425614057,1.02254561464102,14.111129482046076
9696208609,4007365121,3.879265289935468,53.53386100110946
9696208613,9696208609,3.3535095874387846,46.278432306655226
5889956877,11069389084,1.6948362914107236,23.388740821467987
5889956877,5889956881,15.317641149326436,211.38344786070482
5889956877,10718542797,2.589802926902721,35.73928039125755
4007365112,4452585011,1.7976931348623157E308,1.7976931348623157E308
4007365112,3043832876,1.346441149931313,18.58088786905212
4007365112,5889956881,0.3276640057771093,4.521763279724109
4007365119,4007365120,1.4333468250527164,19.780186185727487
4007365119,6544445365,6.167897841345285,85.11699021056494
4007365119,9660304006,1.7976931348623157E308,1.7976931348623157E308
4007365118,4451501906,1.7339221595602479,23.928125801931422
4007365118,4007365117,1.4434666219682837,19.919839383162316
4007365118,9660304006,3.8689984773058765,53.3921789868211
4007365117,4007365118,1.4434666219682837,19.919839383162316
4007365117,4451501907,2.1995988631628287,30.35446431164704
4007365117,9660304005,1.7976931348623157E308,1.7976931348623157E308
4007365105,7223666799,1.8543190771858296,25.58960326516445
4007365105,7223666804,5.361584044822003,73.98985981854364
4007365105,6744822451,1.8536389378314608,25.58021734207416
5938370271,7084797662,1.2654700788731026,17.463487088448815
4007365109,6720686120,3.810678016027385,52.58735662117792
4007365109,11411367615,3.0685967838091837,42.346635616566736
4007365109,5809806776,3.6711478450398647,50.66184026155013
4007365108,6720831177,6.157074572379369,84.9676290988353
4007365108,6009980384,19.246612335139385,265.60325022492356
4007365108,6720831174,0.625359979468758,8.62996771666886
4294693066,1986177693,1.067324099353394,14.729072571076836
4007365102,3971490565,8.963163633938839,123.69165814835598
4007365102,1440186843,9.589243907740308,132.33156592681624
4007365102,6012771779,12.694624228284972,175.18581435033263
3972723697,6763903866,18.193704854453113,251.07312699145297
10058218681,3425614058,50.479224490311545,696.6132979662993
1159581277,6012830269,64.09874411553461,884.5626687943777
1159581277,1159581159,6.301830391624904,86.96525940442368
1159581277,1159581515,8.505491641513965,117.37578465289272
6972612824,6012858262,3.1461032955239476,43.41622547823048
6972612824,6972612828,2.055916237318928,28.371644075001207
4294693049,4239348898,4.487275389969931,61.92440038158506
4294693049,4239348896,1.3614481138371683,18.787983970952926
6972612828,6972612824,2.055916237318928,28.371644075001207
3425614694,5915331391,47.879902227129335,660.7426507343848
3425614694,6544469024,3.0003423997574936,41.40472511665342
3425614694,4418071804,4.100943919351259,56.59302608704738
3425614693,6763903857,1.4680626550873572,20.25926464020553
4452585001,11069389084,5.048104760037026,69.66384568851096
4452585001,2826898414,0.5309184120486209,7.326674086270969
4452585001,4452585012,1.510249241853407,20.841439537577017
11411758974,11411758979,5.295727819348468,73.08104390700886
4452585002,3043832876,1.7976931348623157E308,1.7976931348623157E308
4452585002,4452585011,1.2376731209682816,17.079889069362288
4452585002,2826898414,0.4968272963599054,6.856216689766695
4452585012,2826898422,1.7976931348623157E308,1.7976931348623157E308
4452585012,4452585001,1.510249241853407,20.841439537577017
4452585012,4452585013,0.3022889169384332,4.171587053750378
4452585013,2826898427,0.15101881627893415,2.0840596646492915
4452585013,4452585012,0.3022889169384332,4.171587053750378
4452585011,4007365112,9.397796638419171,129.68959361018457
4452585011,2826898427,0.6812921051844246,9.401831051545061
4452585011,4452585002,1.2376731209682816,17.079889069362288
11335160057,11335171587,13.245400873794633,182.78653205836594
5729193501,5729193500,1.2326565711665451,17.010660682098322
5729193501,1279838820,1.7976931348623157E308,1.7976931348623157E308
5729193501,2826898426,9.505540479949875,131.1764586233083
4239348686,1159581406,7.2786234373016,100.44500343476209
4239348686,3971492275,4.8020063950401894,66.26768825155462
4239348686,3971492289,7.6060137504421546,104.96298975610173
5729193500,5729193501,1.2326565711665451,17.010660682098322
5729193500,4451500940,1.7976931348623157E308,1.7976931348623157E308
5729193500,4452590450,5.061099405864716,69.84317180093308
5729193500,5751454666,2.99746329404024,41.36499345775531
4239348685,6761585879,3.363269592028363,46.41312036999141
4239348685,1159581406,24.796392956623087,342.19022280139865
4239348685,3971490640,1.1769269409859722,16.241591785606417
4239348679,6009981847,5.9554213013888875,82.18481395916665
4239348679,1159580787,4.059056898881664,56.01498520456697
4239348679,1279838815,4.238828925518002,58.49583917214842
6743286400,6743286397,3.4317216197281644,47.35775835224867
6743286400,6720831177,4.5958147724937035,63.42224386041311
6743286400,6720831181,1.0151058659061052,14.008460949504252
6972612836,6972612839,1.4224910988351356,19.630377163924873
6972612836,5809806807,7.157609767578613,98.77501479258487
6972612836,6009981847,4.695279634328605,64.79485895373475
6972612839,6972612836,1.4224910988351356,19.630377163924873
2826898431,4451500947,3.2352880214394246,44.64697469586406
2826898431,2826898426,0.354076755801298,4.886259230057912
2826898431,5892440794,1.5109119937993356,20.850585514430833
5938319986,5938319993,5.650247660112751,77.97341770955597
2826898430,2826898433,0.7735345887718239,10.67477732505117
2826898430,5889956859,0.38704508417580885,5.341222161626162
6720611092,6720652940,1.9763481671212424,27.273604706273147
2826898429,1986177672,7.316221895462963,100.96386215738889
2826898429,4239348892,1.3603836403050593,18.773294236209818
2826898429,2826898410,1.6405153268792096,22.639111510933095
5713101572,5713101579,8.561623574685298,118.15040533065711
5713101572,6300118433,3.303893643932904,45.593732286274076
5713101572,4239348898,5.803544074601737,80.08890822950397
2826898427,10718542804,6.6292741735801215,91.48398359540568
2826898427,4452585013,0.15101881627893415,2.0840596646492915
2826898427,4452585011,0.6812921051844246,9.401831051545061
5713101570,5713101565,1.1787232061728823,16.266380245185776
5713101570,5713101556,1.7976931348623157E308,1.7976931348623157E308
11411361709,11411361710,1.7954674853555936,24.777451297907195
11411361709,6544416842,3.311407564373928,45.69742438836021
11411361709,6285181302,3.763136298945639,51.931280925449826
2826898426,2826898413,1.29741575764504,17.904337455501555
2826898426,2826898431,0.354076755801298,4.886259230057912
2826898426,5729193501,1.7976931348623157E308,1.7976931348623157E308
5713101571,5713101547,4.548283869203883,62.76631739501359
5713101571,5713101565,1.7976931348623157E308,1.7976931348623157E308
5713101571,5713101556,1.2666234383353872,17.479403449028343
6544448915,3425614072,15.02437181666125,207.33633106992525
6544448915,3425614081,7.715544174522152,106.4745096084057
6544448915,6544448921,22.920406754959163,316.30161321843644
11411361711,11411361710,7.646187468325639,105.51738706289382
5809806796,5809806800,4.348284334445552,60.006323815348615
5809806796,6720686105,1.430429935888941,19.739933115267387
5809806796,10718606910,17.485952273517558,241.3061413745423
11411361710,11411361709,1.7954674853555936,24.777451297907195
11411361710,11411361718,8.02082134742075,110.68733459440635
11411361710,11411361711,7.646187468325639,105.51738706289382
2826898422,4452585012,14.570189898687907,201.06862060189314
2826898422,4451500947,0.19643726261881103,2.7108342241395924
2826898422,2826898415,1.4264290506973698,19.684720899623706
5938319993,5938319986,5.650247660112751,77.97341770955597
5938319993,6761617388,9.327062199076817,128.7134583472601
5938319993,1159581015,4.566406414555054,63.01640852085975
6544448921,6544448915,22.920406754959163,316.30161321843644
6544448921,6544448922,2.075512064116515,28.64206648480791
6544448921,6544448936,9.991261479381453,137.87940841546407
5713101579,5713101572,8.561623574685298,118.15040533065711
5713101579,4239348898,1.232665719022686,17.010786922513066
5713101579,1986177681,3.993800015015534,55.11444020721437
6720611099,4457235594,6.557501838827279,90.49352537581646
6544448922,4177855832,4.90376528156269,67.67196088556513
6544448922,4177855829,7.971982864597188,110.0133635314412
6544448922,6544448921,2.075512064116515,28.64206648480791
2826898415,2826898422,1.4264290506973698,19.684720899623706
2826898415,2826898402,1.2248406132863616,16.90280046335179
2826898415,6245823862,1.7976931348623157E308,1.7976931348623157E308
5809806811,5809806813,1.102491776593503,15.214386516990341
2826898414,5809806800,2.4179868518676417,33.36821855577346
2826898414,4452585002,0.4968272963599054,6.856216689766695
2826898414,4452585001,0.5309184120486209,7.326674086270969
5809824218,8298530946,1.138343084784267,15.709134570022886
5809824218,1986177667,8.646022261959514,119.3151072150413
5809824218,6544430853,2.058885452205519,28.41261924043616
2826898413,2826898401,1.1684031325616426,16.123963229350668
2826898413,2826898426,1.29741575764504,17.904337455501555
2826898413,4451500940,5.069525315111806,69.95944934854292
6743286397,6743286400,3.4317216197281644,47.35775835224867
5809806815,5809806819,0.8200474804597467,11.316655230344505
2826898410,2826898429,1.6405153268792096,22.639111510933095
2826898410,2826898405,0.8795424397331186,12.137685668317038
2826898410,10660967005,1.7976931348623157E308,1.7976931348623157E308
4143470957,6720831173,2.228741359152692,30.75663075630715
4143470957,1159580577,5.600380105543108,77.28524545649489
4143470957,1985802174,2.7236938879376873,37.58697565354009
5809806813,6009981846,1.699382939133056,23.451484560036175
5809806813,5809806811,1.102491776593503,15.214386516990341
5809824221,1986177662,9.054817854540657,124.95648639266108
5809824221,1159580787,12.627851160200859,174.26434601077185
5809824221,6544430853,10.492982952587568,144.80316474570844
2826898406,1159580542,8.620432713403561,118.96197144496915
2826898406,2826898405,0.43992512227040725,6.07096668733162
2826898406,5889956859,1.4709904801714702,20.29966862636629
5809806802,11020904202,0.7956041164433051,10.97933680691761
5809806802,5809806777,0.8084832672652819,11.15706908826089
5809806802,11020888403,0.7909380060629365,10.914944483668524
2826898405,5990516213,3.957834885338756,54.618121417674836
2826898405,2826898410,0.8795424397331186,12.137685668317038
2826898405,2826898406,0.43992512227040725,6.07096668733162
5809806800,5809806796,4.348284334445552,60.006323815348615
5809806800,2826898414,2.4179868518676417,33.36821855577346
5809806800,6720686105,1.4755964353173683,20.363230807379683
5809806807,6009981781,5.587690141186399,77.1101239483723
5809806807,6972612836,7.157609767578613,98.77501479258487
5809806807,6009981846,2.96367497216869,40.89871461592793
2826898402,2826898415,1.2248406132863616,16.90280046335179
2826898402,2826898401,1.2740315481565236,17.58163536456003
2826898402,5809806806,2.905186508969814,40.091573823783435
5809806806,2826898402,1.7976931348623157E308,1.7976931348623157E308
5809806806,2826898393,3.7404834958641087,51.6186722429247
5809806806,5809806805,10.04398441956599,138.6069849900107
2826898401,2826898402,1.2740315481565236,17.58163536456003
2826898401,2826898413,1.1684031325616426,16.123963229350668
2826898401,5809806771,1.7976931348623157E308,1.7976931348623157E308
5809806805,5809806777,0.9711679868501983,13.402118218532738
5809806805,5809806806,10.04398441956599,138.6069849900107
5809806805,11020888403,0.8714640834948743,12.026204352229266
11411361718,11411361710,8.02082134742075,110.68733459440635
2714795632,2714795629,1.2609164476708272,17.400646977857416
2714795632,4452592343,1.7976931348623157E308,1.7976931348623157E308
2714795632,1986177673,1.6825565163866092,23.219279926135208
6012771779,11411360399,5.265278266501576,72.66084007772174
6012771779,6720831181,2.8659907056355634,39.55067173777078
6012771779,4007365102,12.694624228284972,175.18581435033263
2826898396,6009980370,1.033085731047629,14.25658308845728
2826898396,5809806771,3.678961792860469,50.76967274147447
2826898396,5729091491,13.88608799034209,191.62801426672087
2826898396,2826898393,1.2786576320341858,17.645475322071764
6323854154,6009980370,20.511543356677876,283.0592983221547
6323854154,6009981655,7.0017401150469025,96.62401358764726
6323854154,2826898359,3.915185099023585,54.029554366525474
6323854154,5809806774,1.8168265344119314,25.072206174884656
2826898393,6009980375,1.2635957313761568,17.437621092990966
2826898393,5809806806,1.7976931348623157E308,1.7976931348623157E308
2826898393,2826898396,1.2786576320341858,17.645475322071764
2826898393,6720686120,14.101815371571856,194.60505212769164
5809806819,5809806817,4.6337775583533904,63.94613030527679
5809806819,5809806815,0.8200474804597467,11.316655230344505
5809824227,5809824226,9.965548267133356,137.5245660864403
5809824227,10660967019,1.770692039108045,24.43555013969102
4452592333,2714795629,1.7976931348623157E308,1.7976931348623157E308
4452592333,4452592343,1.393894771150748,19.235747841880322
4452592333,4452592328,0.5724679464031177,7.900057660363025
5809824226,5809824227,9.965548267133356,137.5245660864403
5809806817,5809806819,4.6337775583533904,63.94613030527679
5809806817,8874462498,7.249239070499918,100.03949917289887
5809806817,6009981781,1.5074121470250355,20.80228762894549
5915331391,3425614694,47.879902227129335,660.7426507343848
4418071804,4177855831,13.732220297200838,189.50464010137156
4418071804,3425614694,4.100943919351259,56.59302608704738
4418071804,3425614092,5.276077515019838,72.80986970727378
4452592328,4452592333,0.5724679464031177,7.900057660363025
4452592328,1986177671,0.657388550184917,9.071961992551856
4452592328,10660967009,2.541882923777238,35.07798434812589
5809824230,5809824229,9.290583157049054,128.21004756727694
5809824230,1986177667,4.559317614526431,62.91858308046475
5809824230,10660967009,11.34092907649935,156.50482125569104
5809824230,8298530945,6.931462691399757,95.65418514131665
5809824229,5809824230,9.290583157049054,128.21004756727694
5809824229,1159580390,4.676018054678427,64.5290491545623
5809824229,2714795628,7.683458097616592,106.03172174710897
5809824229,10660967019,1.2080667948258397,16.671321768596588
2826898383,6009981632,7.090645205578874,97.85090383698846
2826898383,11411367610,3.0137827927111163,41.590202539413404
2826898383,1986177662,10.055895560975026,138.77135874145537
11411758979,11411758974,5.295727819348468,73.08104390700886
11411758979,4177855822,3.2704133091508667,45.131703666281965
11411758979,1159580839,3.586196871851551,49.489516831551406
6761585845,6761585842,6.061128774085702,83.64357708238269
2826898381,5729091490,3.0914153234530533,42.66153146365214
2826898381,5729091491,3.928862124358967,54.21829731615375
2826898381,5751454660,3.8108872657165076,52.59024426688781
4452592343,2714795632,8.008547567945142,110.51795643764297
4452592343,4452592346,0.42462203840978424,5.859784130055023
4452592343,4452592333,1.393894771150748,19.235747841880322
6761585842,3971490640,1.4773038954169015,20.386793756753242
6761585842,6761585845,6.061128774085702,83.64357708238269
6761585842,6761585852,2.082156629284333,28.733761484123796
11411771275,6720839076,11.438587458298441,157.8525069245185
11411771275,4451500939,3.002335355031497,41.432227899434665
6761585852,6761585864,6.767466107964141,93.39103228990516
6761585852,6761585842,2.082156629284333,28.733761484123796
6761585852,6761585851,2.3824386253726333,32.87765303014234
2714795627,6009981809,0.8116654312837778,11.200982951716133
2714795627,2714795628,1.5493843202185602,21.381503619016133
2714795627,6009981817,3.5282767769371994,48.690219521733354
2714795628,5809824229,7.683458097616592,106.03172174710897
2714795628,6009981804,0.6964685234834359,9.611265624071416
2714795628,2714795627,1.5493843202185602,21.381503619016133
2714795629,2714795632,1.2609164476708272,17.400646977857416
2714795629,3043832877,1.7976931348623157E308,1.7976931348623157E308
2714795629,4452592333,7.911953755164279,109.18496182126705
3971490565,4457235452,6.969533269869904,96.17955912420469
3971490565,10718606905,12.759883295838701,176.08638948257408
3971490565,4007365102,8.963163633938839,123.69165814835598
6544448936,3425614072,14.57376211604048,201.11791720135864
6544448936,6544448921,9.991261479381453,137.87940841546407
6544448936,3425614079,10.411022405981893,143.67210920255013
4452592346,6593312785,4.953092785713223,68.35268044284248
4452592346,4452592343,0.42462203840978424,5.859784130055023
4452592346,1986177672,0.44656356962137667,6.162577260774999
6761585851,3971490640,1.706503189389775,23.5497440135789
6761585851,4177855813,5.37658167979806,74.19682718121324
6761585851,6761585852,2.3824386253726333,32.87765303014234
1159580383,4177855813,22.051299795771794,304.30793718165074
1159581406,4239348686,7.2786234373016,100.44500343476209
1159581406,1159581515,7.1712730963955735,98.96356873025891
1159581406,4239348685,24.796392956623087,342.19022280139865
2826898359,6323854154,3.915185099023585,54.029554366525474
2826898359,2826898332,4.43665102006682,61.22578407692212
2826898359,5729091490,4.265675937968388,58.86632794396376
2826898358,6009981655,3.4221836072912857,47.22613378061975
2826898358,11411367615,4.392350403399422,60.61443556691202
2826898358,2826898331,4.41553142605789,60.934333679598886
6009506297,6479421004,5.229782347340412,72.17099639329768
6009506297,3971492402,6.028906504280555,83.19890975907167
6009506297,6479421006,1.3572549645886316,18.730118511323116
6761585864,6761585852,6.767466107964141,93.39103228990516
6009506302,6479421008,9.223966600359022,127.29073908495451
6009506302,2826898656,4.823970063971393,66.57078688280522
6009506302,2826898626,4.727280882959196,65.2364761848369
6285181296,6285181302,9.415269105817426,129.9307136602805
6761585879,4239348685,3.363269592028363,46.41312036999141
6761604304,3971492275,0.8596677677406431,11.863415194820876
6285181302,6285181296,9.415269105817426,129.9307136602805
6285181302,11411361709,3.763136298945639,51.931280925449826
6285181302,1440186872,6.172290072265457,85.1776029972633
6009980384,6009980379,5.233711646476137,72.22522072137069
6009980384,4007365108,19.246612335139385,265.60325022492356
6009980384,3043832821,3.526600075076666,48.66708103605799
2826898332,2826898359,4.43665102006682,61.22578407692212
2826898332,6009981696,3.717833713945079,51.306105252442094
2826898332,3595142841,2.583417881663976,35.65116676696287
6009980379,6009980384,5.233711646476137,72.22522072137069
2826898331,2826898358,4.41553142605789,60.934333679598886
2826898331,4457235458,1.4797064040109187,20.41994837535068
2826898331,6009981664,4.303070315605993,59.3823703553627
3971490640,4239348685,1.1769269409859722,16.241591785606417
3971490640,6761585851,1.706503189389775,23.5497440135789
3971490640,6761585842,1.4773038954169015,20.386793756753242
6009980370,6323854154,20.511543356677876,283.0592983221547
6009980370,6009980375,1.639894381382357,22.630542463076527
6009980370,2826898396,1.033085731047629,14.25658308845728
11020904203,11020888403,0.7679423906590898,10.597604991095439
11020904202,5809806802,0.7956041164433051,10.97933680691761
6009980375,6720686120,9.768092733209425,134.79967971829007
6009980375,2826898393,1.2635957313761568,17.437621092990966
6009980375,6009980370,1.639894381382357,22.630542463076527
5809806777,5809806776,15.00840495286043,207.11598834947392
5809806777,5809806802,0.8084832672652819,11.15706908826089
5809806777,5809806805,0.9711679868501983,13.402118218532738
5809806776,5809806777,15.00840495286043,207.11598834947392
5809806776,4007365109,3.6711478450398647,50.66184026155013
5809806776,3043832821,10.081967059650424,139.13114542317587
6009980366,5889956859,0.3363968018959457,4.64227586616405
6009980366,6009980367,0.7273497702294447,10.037426829166337
6009980367,6009980366,0.7273497702294447,10.037426829166337
6009980367,5889956858,1.553449716591482,21.437606088962454
5809806771,5751454657,9.271046256611537,127.94043834123923
5809806771,2826898396,1.7976931348623157E308,1.7976931348623157E308
5809806771,2826898401,2.9782520716440213,41.099878588687496
1159580390,10660943602,3.380732255300363,46.654105123145015
1159580390,5809824229,4.676018054678427,64.5290491545623
1159580390,8874462489,1.7929500726602048,24.742711002710827
5809806774,6009981693,1.4106411477447751,19.466847838877896
5809806774,6323854154,1.8168265344119314,25.072206174884656
5809806774,6009981694,2.226595788457911,30.727021880719175
5809806772,6009981664,5.458691225654353,75.32993891403008
5809806772,6009981696,0.9812573336996716,13.541351205055468
5809806772,6009981694,1.2577005629480043,17.35626776868246
